order,sample_name,library_tag_combo,library,date_PCR2,sample_type,locus,SAMPLING_PI,SAMPLING_Institute,env_biome,env_feature,env_material,env_package,SAMPLE_Collection_Device,project_name,samp_vol_we_dna_ext,samp_filter_size_ext,samp_filter_ext_type,samp_store_temp,samp_extraction,samp_extraction_prep,seq_type,seq_meth,seq_facility,geo_loc_name,investigation_type,submitted_to_insdc,lib_const_meth,primer_sequence_F,primer_sequence_R,tag_number,tag_sequence,R1,R2
1,MR0415a,S1_GACGGAACAGACGTCTGTTCCGTC,S1,date_PCR,environmental,COI,Mya_Breitbart,USF,phytoplankton,bay,water,seawater,CTD/SBE911_Rosette_with_Niskin_bottle,MBON,1000ml,0.22um,Poretics,-80C,Dneasy_Blood_and_Tissue_Kit,Bead beating_0.5_and_0.1mm_beads,Illumina_MiSEQ,NGS,Stanford,USA:Florida:Keys,eukaryote,0,paired-end,GGWACWGGWTGAACWGTWTAYCCYCC,TAAACTTCAGGGTGACCAAAAAATCA,1,GACGGAACAGACGTCTGTTCCGTC,MR0415a_S1_L001_R1_001.fastq,MR0415a_S1_L001_R2_001.fastq
2,MR0415b,S2_CATGTCTTCCATATGGAAGACATG,S2,date_PCR,environmental,COI,Mya_Breitbart,USF,phytoplankton,bay,water,seawater,CTD/SBE911_Rosette_with_Niskin_bottle,MBON,1000ml,0.22um,Poretics,-80C,Dneasy_Blood_and_Tissue_Kit,Bead beating_0.5_and_0.1mm_beads,Illumina_MiSEQ,NGS,Stanford,USA:Florida:Keys,eukaryote,0,paired-end,GGWACWGGWTGAACWGTWTAYCCYCC,TAAACTTCAGGGTGACCAAAAAATCA,2,CATGTCTTCCATATGGAAGACATG,MR0415b_S2_L001_R1_001.fastq,MR0415b_S2_L001_R2_001.fastq
3,MR0415c,S3_ACGGTTTCTGGATCCAGAAACCGT,S3,date_PCR,environmental,COI,Mya_Breitbart,USF,phytoplankton,bay,water,seawater,CTD/SBE911_Rosette_with_Niskin_bottle,MBON,1000ml,0.22um,Poretics,-80C,Dneasy_Blood_and_Tissue_Kit,Bead beating_0.5_and_0.1mm_beads,Illumina_MiSEQ,NGS,Stanford,USA:Florida:Keys,eukaryote,0,paired-end,GGWACWGGWTGAACWGTWTAYCCYCC,TAAACTTCAGGGTGACCAAAAAATCA,3,ACGGTTTCTGGATCCAGAAACCGT,MR0415c_S3_L001_R1_001.fastq,MR0415c_S3_L001_R2_001.fastq
4,extr_blank_3,S4_ATCAGCCAGCTCGAGCTGGCTGAT,S4,date_PCR,environmental,COI,Mya_Breitbart,USF,phytoplankton,bay,water,seawater,CTD/SBE911_Rosette_with_Niskin_bottle,MBON,1000ml,0.22um,Poretics,-80C,Dneasy_Blood_and_Tissue_Kit,Bead beating_0.5_and_0.1mm_beads,Illumina_MiSEQ,NGS,Stanford,USA:Florida:Keys,eukaryote,0,paired-end,GGWACWGGWTGAACWGTWTAYCCYCC,TAAACTTCAGGGTGACCAAAAAATCA,4,ATCAGCCAGCTCGAGCTGGCTGAT,extr-blank_3_S4_L001_R1_001.fastq,extr-blank_S4_L001_R2_001.fastq
5,extr_blank_4,S5_TCGTAAGCCGTCGACGGCTTACGA,S5,date_PCR,environmental,COI,Mya_Breitbart,USF,phytoplankton,bay,water,seawater,CTD/SBE911_Rosette_with_Niskin_bottle,MBON,1000ml,0.22um,Poretics,-80C,Dneasy_Blood_and_Tissue_Kit,Bead beating_0.5_and_0.1mm_beads,Illumina_MiSEQ,NGS,Stanford,USA:Florida:Keys,eukaryote,0,paired-end,GGWACWGGWTGAACWGTWTAYCCYCC,TAAACTTCAGGGTGACCAAAAAATCA,5,TCGTAAGCCGTCGACGGCTTACGA,extr-blank_4_S5_L001_R1_001.fastq,MR0615a_S6_L001_R2_001.fastq
6,MR0615a,S6_ACAATGTCACAGCTGTGACATTGT,S6,date_PCR,environmental,COI,Mya_Breitbart,USF,phytoplankton,bay,water,seawater,CTD/SBE911_Rosette_with_Niskin_bottle,MBON,1000ml,0.22um,Poretics,-80C,Dneasy_Blood_and_Tissue_Kit,Bead beating_0.5_and_0.1mm_beads,Illumina_MiSEQ,NGS,Stanford,USA:Florida:Keys,eukaryote,0,paired-end,GGWACWGGWTGAACWGTWTAYCCYCC,TAAACTTCAGGGTGACCAAAAAATCA,6,ACAATGTCACAGCTGTGACATTGT,MR0615a_S6_L001_R1_001.fastq,MR0615b_S7_L001_R2_001.fastq
7,MR0615b,S7_GCCCTATCTTCTAGAAGATAGGGC,S7,date_PCR,environmental,COI,Mya_Breitbart,USF,phytoplankton,bay,water,seawater,CTD/SBE911_Rosette_with_Niskin_bottle,MBON,1000ml,0.22um,Poretics,-80C,Dneasy_Blood_and_Tissue_Kit,Bead beating_0.5_and_0.1mm_beads,Illumina_MiSEQ,NGS,Stanford,USA:Florida:Keys,eukaryote,0,paired-end,GGWACWGGWTGAACWGTWTAYCCYCC,TAAACTTCAGGGTGACCAAAAAATCA,7,GCCCTATCTTCTAGAAGATAGGGC,MR0615b_S7_L001_R1_001.fastq,MR0615c_S8_L001_R2_001.fastq
8,MR0615c,S8_GGATACTCGCATATGCGAGTATCC,S8,date_PCR,environmental,COI,Mya_Breitbart,USF,phytoplankton,bay,water,seawater,CTD/SBE911_Rosette_with_Niskin_bottle,MBON,1000ml,0.22um,Poretics,-80C,Dneasy_Blood_and_Tissue_Kit,Bead beating_0.5_and_0.1mm_beads,Illumina_MiSEQ,NGS,Stanford,USA:Florida:Keys,eukaryote,0,paired-end,GGWACWGGWTGAACWGTWTAYCCYCC,TAAACTTCAGGGTGACCAAAAAATCA,8,GGATACTCGCATATGCGAGTATCC,MR0615c_S8_L001_R1_001.fastq,MR0915a_S9_L001_R2_001.fastq
9,MR0915a,S9_AGCATCCCTAAGCTTAGGGATGCT,S9,date_PCR,environmental,COI,Mya_Breitbart,USF,phytoplankton,bay,water,seawater,CTD/SBE911_Rosette_with_Niskin_bottle,MBON,1000ml,0.22um,Poretics,-80C,Dneasy_Blood_and_Tissue_Kit,Bead beating_0.5_and_0.1mm_beads,Illumina_MiSEQ,NGS,Stanford,USA:Florida:Keys,eukaryote,0,paired-end,GGWACWGGWTGAACWGTWTAYCCYCC,TAAACTTCAGGGTGACCAAAAAATCA,9,AGCATCCCTAAGCTTAGGGATGCT,MR0915a_S9_L001_R1_001.fastq,MR0915b_S10_L001_R2_001.fastq
10,MR0915b,S10_AATACGTCAAGCGCTTGACGTATT,S10,date_PCR,environmental,COI,Mya_Breitbart,USF,phytoplankton,bay,water,seawater,CTD/SBE911_Rosette_with_Niskin_bottle,MBON,1000ml,0.22um,Poretics,-80C,Dneasy_Blood_and_Tissue_Kit,Bead beating_0.5_and_0.1mm_beads,Illumina_MiSEQ,NGS,Stanford,USA:Florida:Keys,eukaryote,0,paired-end,GGWACWGGWTGAACWGTWTAYCCYCC,TAAACTTCAGGGTGACCAAAAAATCA,10,AATACGTCAAGCGCTTGACGTATT,MR0915b_S10_L001_R1_001.fastq,MR0915c_S11_L001_R2_001.fastq
11,MR0915c,S11_AACCACTAACCGCGGTTAGTGGTT,S11,date_PCR,environmental,COI,Mya_Breitbart,USF,phytoplankton,bay,water,seawater,CTD/SBE911_Rosette_with_Niskin_bottle,MBON,1000ml,0.22um,Poretics,-80C,Dneasy_Blood_and_Tissue_Kit,Bead beating_0.5_and_0.1mm_beads,Illumina_MiSEQ,NGS,Stanford,USA:Florida:Keys,eukaryote,0,paired-end,GGWACWGGWTGAACWGTWTAYCCYCC,TAAACTTCAGGGTGACCAAAAAATCA,11,AACCACTAACCGCGGTTAGTGGTT,MR0915c_S11_L001_R1_001.fastq,MR1115a_S12_L001_R2_001.fastq
12,MR1115a,S12_CCTTAAGGGCATATGCCCTTAAGG,S12,date_PCR,environmental,COI,Mya_Breitbart,USF,phytoplankton,bay,water,seawater,CTD/SBE911_Rosette_with_Niskin_bottle,MBON,1000ml,0.22um,Poretics,-80C,Dneasy_Blood_and_Tissue_Kit,Bead beating_0.5_and_0.1mm_beads,Illumina_MiSEQ,NGS,Stanford,USA:Florida:Keys,eukaryote,0,paired-end,GGWACWGGWTGAACWGTWTAYCCYCC,TAAACTTCAGGGTGACCAAAAAATCA,12,CCTTAAGGGCATATGCCCTTAAGG,MR1115a_S12_L001_R1_001.fastq,MR1115b_S13_L001_R2_001.fastq
13,MR1115b,S13_GGACCGCTTTCATGAAAGCGGTCC,S13,date_PCR,environmental,COI,Mya_Breitbart,USF,phytoplankton,bay,water,seawater,CTD/SBE911_Rosette_with_Niskin_bottle,MBON,1000ml,0.22um,Poretics,-80C,Dneasy_Blood_and_Tissue_Kit,Bead beating_0.5_and_0.1mm_beads,Illumina_MiSEQ,NGS,Stanford,USA:Florida:Keys,eukaryote,0,paired-end,GGWACWGGWTGAACWGTWTAYCCYCC,TAAACTTCAGGGTGACCAAAAAATCA,13,GGACCGCTTTCATGAAAGCGGTCC,MR1115b_S13_L001_R1_001.fastq,MR1115c_S14_L001_R2_001.fastq
14,MR1115c,S14_GTTACAGTTGGCGCCAACTGTAAC,S14,date_PCR,environmental,COI,Mya_Breitbart,USF,phytoplankton,bay,water,seawater,CTD/SBE911_Rosette_with_Niskin_bottle,MBON,1000ml,0.22um,Poretics,-80C,Dneasy_Blood_and_Tissue_Kit,Bead beating_0.5_and_0.1mm_beads,Illumina_MiSEQ,NGS,Stanford,USA:Florida:Keys,eukaryote,0,paired-end,GGWACWGGWTGAACWGTWTAYCCYCC,TAAACTTCAGGGTGACCAAAAAATCA,14,GTTACAGTTGGCGCCAACTGTAAC,MR1115c_S14_L001_R1_001.fastq,LK0415a_S15_L001_R2_001.fastq
15,LK0415a,S15_GCAGCCATATTGCAATATGGCTGC,S15,date_PCR,environmental,COI,Mya_Breitbart,USF,phytoplankton,bay,water,seawater,CTD/SBE911_Rosette_with_Niskin_bottle,MBON,1000ml,0.22um,Poretics,-80C,Dneasy_Blood_and_Tissue_Kit,Bead beating_0.5_and_0.1mm_beads,Illumina_MiSEQ,NGS,Stanford,USA:Florida:Keys,eukaryote,0,paired-end,GGWACWGGWTGAACWGTWTAYCCYCC,TAAACTTCAGGGTGACCAAAAAATCA,15,GCAGCCATATTGCAATATGGCTGC,LK0415a_S15_L001_R1_001.fastq,LK0415b_S16_L001_R2_001.fastq
16,LK0415b,S16_GCTCCACAACGTACGTTGTGGAGC,S16,date_PCR,environmental,COI,Mya_Breitbart,USF,phytoplankton,bay,water,seawater,CTD/SBE911_Rosette_with_Niskin_bottle,MBON,1000ml,0.22um,Poretics,-80C,Dneasy_Blood_and_Tissue_Kit,Bead beating_0.5_and_0.1mm_beads,Illumina_MiSEQ,NGS,Stanford,USA:Florida:Keys,eukaryote,0,paired-end,GGWACWGGWTGAACWGTWTAYCCYCC,TAAACTTCAGGGTGACCAAAAAATCA,16,GCTCCACAACGTACGTTGTGGAGC,LK0415b_S16_L001_R1_001.fastq,LK0415c_S17_L001_R2_001.fastq
17,LK0415c,S17_TGACGCCTCCAATTGGAGGCGTCA,S17,date_PCR,environmental,COI,Mya_Breitbart,USF,phytoplankton,bay,water,seawater,CTD/SBE911_Rosette_with_Niskin_bottle,MBON,1000ml,0.22um,Poretics,-80C,Dneasy_Blood_and_Tissue_Kit,Bead beating_0.5_and_0.1mm_beads,Illumina_MiSEQ,NGS,Stanford,USA:Florida:Keys,eukaryote,0,paired-end,GGWACWGGWTGAACWGTWTAYCCYCC,TAAACTTCAGGGTGACCAAAAAATCA,17,TGACGCCTCCAATTGGAGGCGTCA,LK0415c_S17_L001_R1_001.fastq,LK0615a_S18_L001_R2_001.fastq
18,LK0615a,S18_GCCATAGTGTGTACACACTATGGC,S18,date_PCR,environmental,COI,Mya_Breitbart,USF,phytoplankton,bay,water,seawater,CTD/SBE911_Rosette_with_Niskin_bottle,MBON,1000ml,0.22um,Poretics,-80C,Dneasy_Blood_and_Tissue_Kit,Bead beating_0.5_and_0.1mm_beads,Illumina_MiSEQ,NGS,Stanford,USA:Florida:Keys,eukaryote,0,paired-end,GGWACWGGWTGAACWGTWTAYCCYCC,TAAACTTCAGGGTGACCAAAAAATCA,18,GCCATAGTGTGTACACACTATGGC,LK0615a_S18_L001_R1_001.fastq,LK0615b_S19_L001_R2_001.fastq
19,LK0615b,S19_AGGTACGCAATTAATTGCGTACCT,S19,date_PCR,environmental,COI,Mya_Breitbart,USF,phytoplankton,bay,water,seawater,CTD/SBE911_Rosette_with_Niskin_bottle,MBON,1000ml,0.22um,Poretics,-80C,Dneasy_Blood_and_Tissue_Kit,Bead beating_0.5_and_0.1mm_beads,Illumina_MiSEQ,NGS,Stanford,USA:Florida:Keys,eukaryote,0,paired-end,GGWACWGGWTGAACWGTWTAYCCYCC,TAAACTTCAGGGTGACCAAAAAATCA,19,AGGTACGCAATTAATTGCGTACCT,LK0615b_S19_L001_R1_001.fastq,LK0615c_S20_L001_R2_001.fastq
20,LK0615c,S20_CTAAGTTGCAAGCTTGCAACTTAG,S20,date_PCR,environmental,COI,Mya_Breitbart,USF,phytoplankton,bay,water,seawater,CTD/SBE911_Rosette_with_Niskin_bottle,MBON,1000ml,0.22um,Poretics,-80C,Dneasy_Blood_and_Tissue_Kit,Bead beating_0.5_and_0.1mm_beads,Illumina_MiSEQ,NGS,Stanford,USA:Florida:Keys,eukaryote,0,paired-end,GGWACWGGWTGAACWGTWTAYCCYCC,TAAACTTCAGGGTGACCAAAAAATCA,20,CTAAGTTGCAAGCTTGCAACTTAG,LK0615c_S20_L001_R1_001.fastq,LK0915a_S21_L001_R2_001.fastq
21,LK0915a,S21_CAGACGAGGAACGTTCCTCGTCTG,S21,date_PCR,environmental,COI,Mya_Breitbart,USF,phytoplankton,bay,water,seawater,CTD/SBE911_Rosette_with_Niskin_bottle,MBON,1000ml,0.22um,Poretics,-80C,Dneasy_Blood_and_Tissue_Kit,Bead beating_0.5_and_0.1mm_beads,Illumina_MiSEQ,NGS,Stanford,USA:Florida:Keys,eukaryote,0,paired-end,GGWACWGGWTGAACWGTWTAYCCYCC,TAAACTTCAGGGTGACCAAAAAATCA,21,CAGACGAGGAACGTTCCTCGTCTG,LK0915a_S21_L001_R1_001.fastq,LK0915b_S22_L001_R2_001.fastq
22,LK0915b,S22_ATGGCAATTCAGCTGAATTGCCAT,S22,date_PCR,environmental,COI,Mya_Breitbart,USF,phytoplankton,bay,water,seawater,CTD/SBE911_Rosette_with_Niskin_bottle,MBON,1000ml,0.22um,Poretics,-80C,Dneasy_Blood_and_Tissue_Kit,Bead beating_0.5_and_0.1mm_beads,Illumina_MiSEQ,NGS,Stanford,USA:Florida:Keys,eukaryote,0,paired-end,GGWACWGGWTGAACWGTWTAYCCYCC,TAAACTTCAGGGTGACCAAAAAATCA,22,ATGGCAATTCAGCTGAATTGCCAT,LK0915b_S22_L001_R1_001.fastq,LK0915c_S23_L001_R2_001.fastq
23,LK0915c,S23_TTCGCTAACCTTAAGGTTAGCGAA,S23,date_PCR,environmental,COI,Mya_Breitbart,USF,phytoplankton,bay,water,seawater,CTD/SBE911_Rosette_with_Niskin_bottle,MBON,1000ml,0.22um,Poretics,-80C,Dneasy_Blood_and_Tissue_Kit,Bead beating_0.5_and_0.1mm_beads,Illumina_MiSEQ,NGS,Stanford,USA:Florida:Keys,eukaryote,0,paired-end,GGWACWGGWTGAACWGTWTAYCCYCC,TAAACTTCAGGGTGACCAAAAAATCA,23,TTCGCTAACCTTAAGGTTAGCGAA,LK0915c_S23_L001_R1_001.fastq,LK1115a_S24_L001_R2_001.fastq
24,LK1115a,S24_GCTGCTACAAGTACTTGTAGCAGC,S24,date_PCR,environmental,COI,Mya_Breitbart,USF,phytoplankton,bay,water,seawater,CTD/SBE911_Rosette_with_Niskin_bottle,MBON,1000ml,0.22um,Poretics,-80C,Dneasy_Blood_and_Tissue_Kit,Bead beating_0.5_and_0.1mm_beads,Illumina_MiSEQ,NGS,Stanford,USA:Florida:Keys,eukaryote,0,paired-end,GGWACWGGWTGAACWGTWTAYCCYCC,TAAACTTCAGGGTGACCAAAAAATCA,24,GCTGCTACAAGTACTTGTAGCAGC,LK1115a_S24_L001_R1_001.fastq,LK1115b_S25_L001_R2_001.fastq
25,LK1115b,S25_CACGGTCCTATGCATAGGACCGTG,S25,date_PCR,environmental,COI,Mya_Breitbart,USF,phytoplankton,bay,water,seawater,CTD/SBE911_Rosette_with_Niskin_bottle,MBON,1000ml,0.22um,Poretics,-80C,Dneasy_Blood_and_Tissue_Kit,Bead beating_0.5_and_0.1mm_beads,Illumina_MiSEQ,NGS,Stanford,USA:Florida:Keys,eukaryote,0,paired-end,GGWACWGGWTGAACWGTWTAYCCYCC,TAAACTTCAGGGTGACCAAAAAATCA,25,CACGGTCCTATGCATAGGACCGTG,LK1115b_S25_L001_R1_001.fastq,LK1115c_S26_L001_R2_001.fastq
26,LK1115c,S26_CGGACTCGTTACGTAACGAGTCCG,S26,date_PCR,environmental,COI,Mya_Breitbart,USF,phytoplankton,bay,water,seawater,CTD/SBE911_Rosette_with_Niskin_bottle,MBON,1000ml,0.22um,Poretics,-80C,Dneasy_Blood_and_Tissue_Kit,Bead beating_0.5_and_0.1mm_beads,Illumina_MiSEQ,NGS,Stanford,USA:Florida:Keys,eukaryote,0,paired-end,GGWACWGGWTGAACWGTWTAYCCYCC,TAAACTTCAGGGTGACCAAAAAATCA,26,CGGACTCGTTACGTAACGAGTCCG,LK1115c_S26_L001_R1_001.fastq,WS0415a_S27_L001_R2_001.fastq
27,WS0415a,S27_ATAGGTGTGCTATAGCACACCTAT,S27,date_PCR,environmental,COI,Mya_Breitbart,USF,phytoplankton,bay,water,seawater,CTD/SBE911_Rosette_with_Niskin_bottle,MBON,1000ml,0.22um,Poretics,-80C,Dneasy_Blood_and_Tissue_Kit,Bead beating_0.5_and_0.1mm_beads,Illumina_MiSEQ,NGS,Stanford,USA:Florida:Keys,eukaryote,0,paired-end,GGWACWGGWTGAACWGTWTAYCCYCC,TAAACTTCAGGGTGACCAAAAAATCA,27,ATAGGTGTGCTATAGCACACCTAT,WS0415a_S27_L001_R1_001.fastq,WS0415b_S28_L001_R2_001.fastq
28,WS0415b,S28_AAGGAGTGCGCATGCGCACTCCTT,S28,date_PCR,environmental,COI,Mya_Breitbart,USF,phytoplankton,bay,water,seawater,CTD/SBE911_Rosette_with_Niskin_bottle,MBON,1000ml,0.22um,Poretics,-80C,Dneasy_Blood_and_Tissue_Kit,Bead beating_0.5_and_0.1mm_beads,Illumina_MiSEQ,NGS,Stanford,USA:Florida:Keys,eukaryote,0,paired-end,GGWACWGGWTGAACWGTWTAYCCYCC,TAAACTTCAGGGTGACCAAAAAATCA,28,AAGGAGTGCGCATGCGCACTCCTT,WS0415b_S28_L001_R1_001.fastq,WS0415c_S29_L001_R2_001.fastq
29,WS0415c,S29_TTCTCGGTTCTCGAGAACCGAGAA,S29,date_PCR,environmental,COI,Mya_Breitbart,USF,phytoplankton,bay,water,seawater,CTD/SBE911_Rosette_with_Niskin_bottle,MBON,1000ml,0.22um,Poretics,-80C,Dneasy_Blood_and_Tissue_Kit,Bead beating_0.5_and_0.1mm_beads,Illumina_MiSEQ,NGS,Stanford,USA:Florida:Keys,eukaryote,0,paired-end,GGWACWGGWTGAACWGTWTAYCCYCC,TAAACTTCAGGGTGACCAAAAAATCA,29,TTCTCGGTTCTCGAGAACCGAGAA,WS0415c_S29_L001_R1_001.fastq,WS0615a_S30_L001_R2_001.fastq
30,WS0615a,S30_GGTCCCGAAATTAATTTCGGGACC,S30,date_PCR,environmental,COI,Mya_Breitbart,USF,phytoplankton,bay,water,seawater,CTD/SBE911_Rosette_with_Niskin_bottle,MBON,1000ml,0.22um,Poretics,-80C,Dneasy_Blood_and_Tissue_Kit,Bead beating_0.5_and_0.1mm_beads,Illumina_MiSEQ,NGS,Stanford,USA:Florida:Keys,eukaryote,0,paired-end,GGWACWGGWTGAACWGTWTAYCCYCC,TAAACTTCAGGGTGACCAAAAAATCA,30,GGTCCCGAAATTAATTTCGGGACC,WS0615a_S30_L001_R1_001.fastq,WS0915a_S31_L001_R2_001.fastq
31,WS0915a,S31_GTCCCTATTATCGATAATAGGGAC,S31,date_PCR,environmental,COI,Mya_Breitbart,USF,phytoplankton,bay,water,seawater,CTD/SBE911_Rosette_with_Niskin_bottle,MBON,1000ml,0.22um,Poretics,-80C,Dneasy_Blood_and_Tissue_Kit,Bead beating_0.5_and_0.1mm_beads,Illumina_MiSEQ,NGS,Stanford,USA:Florida:Keys,eukaryote,0,paired-end,GGWACWGGWTGAACWGTWTAYCCYCC,TAAACTTCAGGGTGACCAAAAAATCA,31,GTCCCTATTATCGATAATAGGGAC,WS0915a_S31_L001_R1_001.fastq,WS0915b_S32_L001_R2_001.fastq
32,WS0915b,S32_CGCGATATCGTCGACGATATCGCG,S32,date_PCR,environmental,COI,Mya_Breitbart,USF,phytoplankton,bay,water,seawater,CTD/SBE911_Rosette_with_Niskin_bottle,MBON,1000ml,0.22um,Poretics,-80C,Dneasy_Blood_and_Tissue_Kit,Bead beating_0.5_and_0.1mm_beads,Illumina_MiSEQ,NGS,Stanford,USA:Florida:Keys,eukaryote,0,paired-end,GGWACWGGWTGAACWGTWTAYCCYCC,TAAACTTCAGGGTGACCAAAAAATCA,32,CGCGATATCGTCGACGATATCGCG,WS0915b_S32_L001_R1_001.fastq,WS0915c_S33_L001_R2_001.fastq
33,WS0915c,S33_TCGCTACAGATGCATCTGTAGCGA,S33,date_PCR,environmental,COI,Mya_Breitbart,USF,phytoplankton,bay,water,seawater,CTD/SBE911_Rosette_with_Niskin_bottle,MBON,1000ml,0.22um,Poretics,-80C,Dneasy_Blood_and_Tissue_Kit,Bead beating_0.5_and_0.1mm_beads,Illumina_MiSEQ,NGS,Stanford,USA:Florida:Keys,eukaryote,0,paired-end,GGWACWGGWTGAACWGTWTAYCCYCC,TAAACTTCAGGGTGACCAAAAAATCA,33,TCGCTACAGATGCATCTGTAGCGA,WS0915c_S33_L001_R1_001.fastq,WS1115a_S34_L001_R2_001.fastq
34,WS1115a,S34_CAGTGTCATGAATTCATGACACTG,S34,date_PCR,environmental,COI,Mya_Breitbart,USF,phytoplankton,bay,water,seawater,CTD/SBE911_Rosette_with_Niskin_bottle,MBON,1000ml,0.22um,Poretics,-80C,Dneasy_Blood_and_Tissue_Kit,Bead beating_0.5_and_0.1mm_beads,Illumina_MiSEQ,NGS,Stanford,USA:Florida:Keys,eukaryote,0,paired-end,GGWACWGGWTGAACWGTWTAYCCYCC,TAAACTTCAGGGTGACCAAAAAATCA,34,CAGTGTCATGAATTCATGACACTG,WS1115a_S34_L001_R1_001.fastq,WS1115b_S35_L001_R2_001.fastq
35,WS1115b,S35_GACACTCACCGTACGGTGAGTGTC,S35,date_PCR,environmental,COI,Mya_Breitbart,USF,phytoplankton,bay,water,seawater,CTD/SBE911_Rosette_with_Niskin_bottle,MBON,1000ml,0.22um,Poretics,-80C,Dneasy_Blood_and_Tissue_Kit,Bead beating_0.5_and_0.1mm_beads,Illumina_MiSEQ,NGS,Stanford,USA:Florida:Keys,eukaryote,0,paired-end,GGWACWGGWTGAACWGTWTAYCCYCC,TAAACTTCAGGGTGACCAAAAAATCA,35,GACACTCACCGTACGGTGAGTGTC,WS1115b_S35_L001_R1_001.fastq,WS1115c_S36_L001_R2_001.fastq
36,WS1115c,S36_GTAAACGACTTGCAAGTCGTTTAC,S36,date_PCR,environmental,COI,Mya_Breitbart,USF,phytoplankton,bay,water,seawater,CTD/SBE911_Rosette_with_Niskin_bottle,MBON,1000ml,0.22um,Poretics,-80C,Dneasy_Blood_and_Tissue_Kit,Bead beating_0.5_and_0.1mm_beads,Illumina_MiSEQ,NGS,Stanford,USA:Florida:Keys,eukaryote,0,paired-end,GGWACWGGWTGAACWGTWTAYCCYCC,TAAACTTCAGGGTGACCAAAAAATCA,36,GTAAACGACTTGCAAGTCGTTTAC,WS1115c_S36_L001_R1_001.fastq,MR0415t64_S37_L001_R2_001.fastq
37,MR0415t64,S37_GAATGACGTTTGCAAACGTCATTC,S37,date_PCR,environmental,COI,Mya_Breitbart,USF,phytoplankton,bay,water,seawater,CTD/SBE911_Rosette_with_Niskin_bottle,MBON,1000ml,0.22um,Poretics,-80C,Dneasy_Blood_and_Tissue_Kit,Bead beating_0.5_and_0.1mm_beads,Illumina_MiSEQ,NGS,Stanford,USA:Florida:Keys,eukaryote,0,paired-end,GGWACWGGWTGAACWGTWTAYCCYCC,TAAACTTCAGGGTGACCAAAAAATCA,37,GAATGACGTTTGCAAACGTCATTC,MR0415t64_S37_L001_R1_001.fastq,MR0415t200_S38_L001_R2_001.fastq
38,MR0415t200,S38_TCTCGCACTGGATCCAGTGCGAGA,S38,date_PCR,environmental,COI,Mya_Breitbart,USF,phytoplankton,bay,water,seawater,CTD/SBE911_Rosette_with_Niskin_bottle,MBON,1000ml,0.22um,Poretics,-80C,Dneasy_Blood_and_Tissue_Kit,Bead beating_0.5_and_0.1mm_beads,Illumina_MiSEQ,NGS,Stanford,USA:Florida:Keys,eukaryote,0,paired-end,GGWACWGGWTGAACWGTWTAYCCYCC,TAAACTTCAGGGTGACCAAAAAATCA,38,TCTCGCACTGGATCCAGTGCGAGA,MR0415t200_S38_L001_R1_001.fastq,MR0415t500_S39_L001_R2_001.fastq
39,MR0415t500,S39_ACCTAGCTAGTGCACTAGCTAGGT,S39,date_PCR,environmental,COI,Mya_Breitbart,USF,phytoplankton,bay,water,seawater,CTD/SBE911_Rosette_with_Niskin_bottle,MBON,1000ml,0.22um,Poretics,-80C,Dneasy_Blood_and_Tissue_Kit,Bead beating_0.5_and_0.1mm_beads,Illumina_MiSEQ,NGS,Stanford,USA:Florida:Keys,eukaryote,0,paired-end,GGWACWGGWTGAACWGTWTAYCCYCC,TAAACTTCAGGGTGACCAAAAAATCA,39,ACCTAGCTAGTGCACTAGCTAGGT,MR0415t500_S39_L001_R1_001.fastq,MR1115t64_S40_L001_R2_001.fastq
40,MR1115t64,S40_AGGGAAAGGATCGATCCTTTCCCT,S40,date_PCR,environmental,COI,Mya_Breitbart,USF,phytoplankton,bay,water,seawater,CTD/SBE911_Rosette_with_Niskin_bottle,MBON,1000ml,0.22um,Poretics,-80C,Dneasy_Blood_and_Tissue_Kit,Bead beating_0.5_and_0.1mm_beads,Illumina_MiSEQ,NGS,Stanford,USA:Florida:Keys,eukaryote,0,paired-end,GGWACWGGWTGAACWGTWTAYCCYCC,TAAACTTCAGGGTGACCAAAAAATCA,40,AGGGAAAGGATCGATCCTTTCCCT,MR1115t64_S40_L001_R1_001.fastq,MR1115t200_S41_L001_R2_001.fastq
41,MR1115t200,S41_GCTACTGGTATGCATACCAGTAGC,S41,date_PCR,environmental,COI,Mya_Breitbart,USF,phytoplankton,bay,water,seawater,CTD/SBE911_Rosette_with_Niskin_bottle,MBON,1000ml,0.22um,Poretics,-80C,Dneasy_Blood_and_Tissue_Kit,Bead beating_0.5_and_0.1mm_beads,Illumina_MiSEQ,NGS,Stanford,USA:Florida:Keys,eukaryote,0,paired-end,GGWACWGGWTGAACWGTWTAYCCYCC,TAAACTTCAGGGTGACCAAAAAATCA,41,GCTACTGGTATGCATACCAGTAGC,MR1115t200_S41_L001_R1_001.fastq,MR1115t500_S42_L001_R2_001.fastq
42,MR1115t500,S42_TCTGCGAGTCTGCAGACTCGCAGA,S42,date_PCR,environmental,COI,Mya_Breitbart,USF,phytoplankton,bay,water,seawater,CTD/SBE911_Rosette_with_Niskin_bottle,MBON,1000ml,0.22um,Poretics,-80C,Dneasy_Blood_and_Tissue_Kit,Bead beating_0.5_and_0.1mm_beads,Illumina_MiSEQ,NGS,Stanford,USA:Florida:Keys,eukaryote,0,paired-end,GGWACWGGWTGAACWGTWTAYCCYCC,TAAACTTCAGGGTGACCAAAAAATCA,42,TCTGCGAGTCTGCAGACTCGCAGA,MR1115t500_S42_L001_R1_001.fastq,LK1115t64_S43_L001_R2_001.fastq
43,LK1115t64,S43_TGGGACATATCCGGATATGTCCCA,S43,date_PCR,environmental,COI,Mya_Breitbart,USF,phytoplankton,bay,water,seawater,CTD/SBE911_Rosette_with_Niskin_bottle,MBON,1000ml,0.22um,Poretics,-80C,Dneasy_Blood_and_Tissue_Kit,Bead beating_0.5_and_0.1mm_beads,Illumina_MiSEQ,NGS,Stanford,USA:Florida:Keys,eukaryote,0,paired-end,GGWACWGGWTGAACWGTWTAYCCYCC,TAAACTTCAGGGTGACCAAAAAATCA,43,TGGGACATATCCGGATATGTCCCA,LK1115t64_S43_L001_R1_001.fastq,LK1115t200_S44_L001_R2_001.fastq
44,LK1115t200,S44_CTGATGTACACGCGTGTACATCAG,S44,date_PCR,environmental,COI,Mya_Breitbart,USF,phytoplankton,bay,water,seawater,CTD/SBE911_Rosette_with_Niskin_bottle,MBON,1000ml,0.22um,Poretics,-80C,Dneasy_Blood_and_Tissue_Kit,Bead beating_0.5_and_0.1mm_beads,Illumina_MiSEQ,NGS,Stanford,USA:Florida:Keys,eukaryote,0,paired-end,GGWACWGGWTGAACWGTWTAYCCYCC,TAAACTTCAGGGTGACCAAAAAATCA,44,CTGATGTACACGCGTGTACATCAG,LK1115t200_S44_L001_R1_001.fastq,LK1115t500_S45_L001_R2_001.fastq
45,LK1115t500,S45_TCGGTGTACCAATTGGTACACCGA,S45,date_PCR,environmental,COI,Mya_Breitbart,USF,phytoplankton,bay,water,seawater,CTD/SBE911_Rosette_with_Niskin_bottle,MBON,1000ml,0.22um,Poretics,-80C,Dneasy_Blood_and_Tissue_Kit,Bead beating_0.5_and_0.1mm_beads,Illumina_MiSEQ,NGS,Stanford,USA:Florida:Keys,eukaryote,0,paired-end,GGWACWGGWTGAACWGTWTAYCCYCC,TAAACTTCAGGGTGACCAAAAAATCA,45,TCGGTGTACCAATTGGTACACCGA,LK1115t500_S45_L001_R1_001.fastq,WS115t64_S46_L001_R2_001.fastq
46,WS115t64,S46_CGGTGACCTACTAGTAGGTCACCG,S46,date_PCR,environmental,COI,Mya_Breitbart,USF,phytoplankton,bay,water,seawater,CTD/SBE911_Rosette_with_Niskin_bottle,MBON,1000ml,0.22um,Poretics,-80C,Dneasy_Blood_and_Tissue_Kit,Bead beating_0.5_and_0.1mm_beads,Illumina_MiSEQ,NGS,Stanford,USA:Florida:Keys,eukaryote,0,paired-end,GGWACWGGWTGAACWGTWTAYCCYCC,TAAACTTCAGGGTGACCAAAAAATCA,46,CGGTGACCTACTAGTAGGTCACCG,WS115t64_S46_L001_R1_001.fastq,WS115t200_S47_L001_R2_001.fastq
47,WS115t200,S47_TCAGAGTAGACTAGTCTACTCTGA,S47,date_PCR,environmental,COI,Mya_Breitbart,USF,phytoplankton,bay,water,seawater,CTD/SBE911_Rosette_with_Niskin_bottle,MBON,1000ml,0.22um,Poretics,-80C,Dneasy_Blood_and_Tissue_Kit,Bead beating_0.5_and_0.1mm_beads,Illumina_MiSEQ,NGS,Stanford,USA:Florida:Keys,eukaryote,0,paired-end,GGWACWGGWTGAACWGTWTAYCCYCC,TAAACTTCAGGGTGACCAAAAAATCA,47,TCAGAGTAGACTAGTCTACTCTGA,WS115t200_S47_L001_R1_001.fastq,WS115t500_S48_L001_R2_001.fastq
48,WS115t500,S48_CGCCCTCTTCTTAAGAAGAGGGCG,S48,date_PCR,environmental,COI,Mya_Breitbart,USF,phytoplankton,bay,water,seawater,CTD/SBE911_Rosette_with_Niskin_bottle,MBON,1000ml,0.22um,Poretics,-80C,Dneasy_Blood_and_Tissue_Kit,Bead beating_0.5_and_0.1mm_beads,Illumina_MiSEQ,NGS,Stanford,USA:Florida:Keys,eukaryote,0,paired-end,GGWACWGGWTGAACWGTWTAYCCYCC,TAAACTTCAGGGTGACCAAAAAATCA,48,CGCCCTCTTCTTAAGAAGAGGGCG,WS115t500_S48_L001_R1_001.fastq,extr-blank_S49_L001_R2_001.fastq
49,extr_blank_1,S49_ACTTACGCCACGCGTGGCGTAAGT,S49,date_PCR,environmental,COI,Mya_Breitbart,USF,phytoplankton,bay,water,seawater,CTD/SBE911_Rosette_with_Niskin_bottle,MBON,1000ml,0.22um,Poretics,-80C,Dneasy_Blood_and_Tissue_Kit,Bead beating_0.5_and_0.1mm_beads,Illumina_MiSEQ,NGS,Stanford,USA:Florida:Keys,eukaryote,0,paired-end,GGWACWGGWTGAACWGTWTAYCCYCC,TAAACTTCAGGGTGACCAAAAAATCA,49,ACTTACGCCACGCGTGGCGTAAGT,extr-blank_1_S49_L001_R1_001.fastq,extr-blank_S50_L001_R2_001.fastq
50,extr_blank_2,S50_TTCTGGTCTTGTACAAGACCAGAA,S50,date_PCR,environmental,COI,Mya_Breitbart,USF,phytoplankton,bay,water,seawater,CTD/SBE911_Rosette_with_Niskin_bottle,MBON,1000ml,0.22um,Poretics,-80C,Dneasy_Blood_and_Tissue_Kit,Bead beating_0.5_and_0.1mm_beads,Illumina_MiSEQ,NGS,Stanford,USA:Florida:Keys,eukaryote,0,paired-end,GGWACWGGWTGAACWGTWTAYCCYCC,TAAACTTCAGGGTGACCAAAAAATCA,50,TTCTGGTCTTGTACAAGACCAGAA,extr-blank_2_S50_L001_R1_001.fastq,Negative_S51_L001_R2_001.fastq
51,Negative,S51_GTCCTGACACTGCAGTGTCAGGAC,S51,date_PCR,environmental,COI,Mya_Breitbart,USF,phytoplankton,bay,water,seawater,CTD/SBE911_Rosette_with_Niskin_bottle,MBON,1000ml,0.22um,Poretics,-80C,Dneasy_Blood_and_Tissue_Kit,Bead beating_0.5_and_0.1mm_beads,Illumina_MiSEQ,NGS,Stanford,USA:Florida:Keys,eukaryote,0,paired-end,GGWACWGGWTGAACWGTWTAYCCYCC,TAAACTTCAGGGTGACCAAAAAATCA,51,GTCCTGACACTGCAGTGTCAGGAC,Negative_S51_L001_R1_001.fastq,